"id","State__id","State__City__id","State__City__Station__id","State__City__Station__lastupdate","State__City__Station__Pollutant_Index__Avg","State__City__Station__Pollutant_Index__Max","State__City__Station__Pollutant_Index__Min","State__City__Station__Pollutant_Index__id"
"India","Andhra_Pradesh","Amaravati","Secretariat, Amaravati - APPCB","08-01-2019 09:00:00","271","345","142","PM2.5"
"","","","","","201","335","120","PM10"
"","","","","","138","202","86","NO2"
"","","","","","3","5","2","NH3"
"","","","","","18","43","2","SO2"
"","","","","","60","97","23","CO"
"","","","","","7","58","5","OZONE"
"","","Rajamahendravaram","Anand Kala Kshetram, Rajamahendravaram - APPCB","08-01-2019 09:00:00","275","339","118","PM2.5"
"","","","","","175","270","113","PM10"
"","","","","","55","128","29","NO2"
"","","","","","9","13","6","NH3"
"","","","","","24","59","13","SO2"
"","","","","","55","196","37","OZONE"
"","","Tirupati","Tirumala, Tirupati - APPCB","08-01-2019 09:00:00","73","169","28","PM2.5"
"","","","","","77","124","38","PM10"
"","","","","","84","135","44","NO2"
"","","","","","2","4","2","NH3"
"","","","","","13","24","10","SO2"
"","","","","","13","38","2","CO"
"","","","","","73","85","22","OZONE"
"","","Vijayawada","PWD Grounds, Vijayawada - APPCB","08-01-2019 09:00:00","65","110","43","PM2.5"
"","","","","","79","86","72","PM10"
"","","","","","18","23","15","NO2"
"","","","","","2","3","2","NH3"
"","","","","","13","18","10","SO2"
"","","","","","74","80","49","CO"
"","","Visakhapatnam","GVM Corporation, Visakhapatnam - APPCB","08-01-2019 09:00:00","283","338","173","PM2.5"
"","","","","","243","342","122","PM10"
"","","","","","155","204","59","NO2"
"","","","","","4","5","3","NH3"
"","","","","","26","80","11","SO2"
"","","","","","67","106","32","CO"
"","","","","","14","94","3","OZONE"
"","Bihar","Gaya","Collectorate, Gaya - BSPCB","08-01-2019 09:00:00","399","500","214","PM2.5"
"","","","","","7","10","4","NO2"
"","","","","","27","64","13","SO2"
"","","","","","49","72","9","CO"
"","","","","","24","69","5","OZONE"
"","","Muzaffarpur","Muzaffarpur Collectorate, Muzaffarpur - BSPCB","08-01-2019 09:00:00","NA","NA","NA","PM2.5"
"","","","","","NA","NA","NA","NO2"
"","","","","","16","35","6","SO2"
"","","","","","14","22","2","CO"
"","","","","","43","69","33","OZONE"
"","","Patna","IGSC Planetarium Complex, Patna - BSPCB","08-01-2019 09:00:00","339","462","209","PM2.5"
"","","","","","31","41","25","NO2"
"","","","","","40","49","30","SO2"
"","","","","","3","115","6","CO"
"","","","","","28","60","14","OZONE"
"","Delhi","Delhi","Alipur, Delhi - DPCC","08-01-2019 09:00:00","339","404","301","PM2.5"
"","","","","","199","301","139","PM10"
"","","","","","119","186","67","NO2"
"","","","","","12","22","8","NH3"
"","","","","","38","82","20","SO2"
"","","","","","35","85","25","CO"
"","","","","","3","78","2","OZONE"
"","","","Anand Vihar, Delhi - DPCC","08-01-2019 09:00:00","351","454","270","PM2.5"
"","","","","","253","458","153","PM10"
"","","","","","134","201","78","NO2"
"","","","","","21","32","12","NH3"
"","","","","","10","18","3","SO2"
"","","","","","50","139","40","CO"
"","","","","","20","24","18","OZONE"
"","","","Ashok Vihar, Delhi - DPCC","08-01-2019 09:00:00","367","435","302","PM2.5"
"","","","","","225","360","156","PM10"
"","","","","","69","100","35","NO2"
"","","","","","10","12","8","NH3"
"","","","","","28","42","18","SO2"
"","","","","","63","108","50","CO"
"","","","","","2","82","1","OZONE"
"","","","Aya Nagar, Delhi - IMD","08-01-2019 09:00:00","261","315","191","PM2.5"
"","","","","","168","257","128","PM10"
"","","","","","26","29","25","NO2"
"","","","","","76","91","68","CO"
"","","","","","35","46","34","OZONE"
"","","","Bawana, Delhi - DPCC","08-01-2019 09:00:00","364","466","303","PM2.5"
"","","","","","252","430","171","PM10"
"","","","","","50","106","29","NO2"
"","","","","","10","13","8","NH3"
"","","","","","20","27","15","SO2"
"","","","","","61","110","42","CO"
"","","","","","4","6","3","OZONE"
"","","","Burari Crossing, Delhi - IMD","08-01-2019 09:00:00","297","424","68","PM2.5"
"","","","","","207","406","129","PM10"
"","","","","","29","34","26","NO2"
"","","","","","123","126","117","CO"
"","","","","","21","33","19","OZONE"
"","","","CRRI Mathura Road, Delhi - IMD","08-01-2019 09:00:00","344","436","214","PM2.5"
"","","","","","252","437","129","PM10"
"","","","","","26","28","25","NO2"
"","","","","","97","157","55","CO"
"","","","","","43","45","43","OZONE"
"","","","DTU, Delhi - CPCB","08-01-2019 09:00:00","347","466","220","PM2.5"
"","","","","","253","500","144","PM10"
"","","","","","98","167","44","NO2"
"","","","","","6","9","5","NH3"
"","","","","","20","39","13","SO2"
"","","","","","43","104","14","CO"
"","","","","","33","107","32","OZONE"
"","","","Dr. Karni Singh Shooting Range, Delhi - DPCC","08-01-2019 09:00:00","350","449","280","PM2.5"
"","","","","","239","431","139","PM10"
"","","","","","57","107","31","NO2"
"","","","","","8","9","6","NH3"
"","","","","","22","36","15","SO2"
"","","","","","41","136","15","CO"
"","","","","","4","84","2","OZONE"
"","","","Dwarka-Sector 8, Delhi - DPCC ","08-01-2019 09:00:00","323","436","123","PM2.5"
"","","","","","304","466","181","PM10"
"","","","","","57","107","34","NO2"
"","","","","","13","14","12","NH3"
"","","","","","24","31","20","SO2"
"","","","","","74","140","52","CO"
"","","","","","1","66","1","OZONE"
"","","","IGI Airport (T3), Delhi - IMD","08-01-2019 09:00:00","317","385","193","PM2.5"
"","","","","","210","342","153","PM10"
"","","","","","80","98","71","NO2"
"","","","","","20","39","14","CO"
"","","","","","3","10","3","OZONE"
"","","","IHBAS, Dilshad Garden, Delhi - CPCB","08-01-2019 09:00:00","317","408","212","PM2.5"
"","","","","","66","122","27","NO2"
"","","","","","13","21","9","NH3"
"","","","","","8","17","4","SO2"
"","","","","","30","101","1","CO"
"","","","ITO, Delhi - CPCB","08-01-2019 09:00:00","345","424","273","PM2.5"
"","","","","","191","366","130","PM10"
"","","","","","46","75","33","NO2"
"","","","","","6","17","3","NH3"
"","","","","","9","19","5","SO2"
"","","","","","46","124","36","CO"
"","","","","","4","34","4","OZONE"
"","","","Jahangirpuri, Delhi - DPCC","08-01-2019 09:00:00","386","500","308","PM2.5"
"","","","","","326","500","178","PM10"
"","","","","","88","142","62","NO2"
"","","","","","19","24","12","NH3"
"","","","","","26","47","15","SO2"
"","","","","","83","149","65","CO"
"","","","","","8","78","4","OZONE"
"","","","Jawaharlal Nehru Stadium, Delhi - DPCC","08-01-2019 09:00:00","366","472","260","PM2.5"
"","","","","","264","439","156","PM10"
"","","","","","71","120","32","NO2"
"","","","","","17","22","13","NH3"
"","","","","","28","54","9","SO2"
"","","","","","81","125","25","CO"
"","","","","","1","80","1","OZONE"
"","","","Lodhi Road, Delhi - IMD","08-01-2019 09:00:00","NA","NA","NA","PM2.5"
"","","","","","NA","NA","NA","PM10"
"","","","","","NA","NA","NA","NO2"
"","","","","","NA","NA","NA","CO"
"","","","","","NA","NA","NA","OZONE"
"","","","Major Dhyan Chand National Stadium, Delhi - DPCC","08-01-2019 09:00:00","312","384","207","PM2.5"
"","","","","","257","446","162","PM10"
"","","","","","82","144","44","NO2"
"","","","","","13","15","10","NH3"
"","","","","","15","23","5","SO2"
"","","","","","63","134","47","CO"
"","","","","","1","72","1","OZONE"
"","","","Mandir Marg, Delhi - DPCC","08-01-2019 09:00:00","336","404","167","PM2.5"
"","","","","","169","244","105","PM10"
"","","","","","113","154","79","NO2"
"","","","","","14","20","8","NH3"
"","","","","","7","8","5","SO2"
"","","","","","22","105","7","CO"
"","","","","","14","48","10","OZONE"
"","","","Mundka, Delhi - DPCC","08-01-2019 09:00:00","384","462","301","PM2.5"
"","","","","","362","500","219","PM10"
"","","","","","56","109","28","NO2"
"","","","","","19","23","16","NH3"
"","","","","","31","34","23","SO2"
"","","","","","63","136","35","CO"
"","","","","","5","61","3","OZONE"
"","","","NSIT Dwarka, Delhi - CPCB","08-01-2019 09:00:00","340","447","240","PM2.5"
"","","","","","34","71","14","NO2"
"","","","","","29","45","14","SO2"
"","","","","","23","104","5","CO"
"","","","","","2","60","1","OZONE"
"","","","Najafgarh, Delhi - DPCC","08-01-2019 09:00:00","289","407","207","PM2.5"
"","","","","","160","237","111","PM10"
"","","","","","49","95","34","NO2"
"","","","","","7","8","5","NH3"
"","","","","","11","25","3","SO2"
"","","","","","47","57","28","CO"
"","","","","","1","109","1","OZONE"
"","","","Narela, Delhi - DPCC","08-01-2019 09:00:00","344","444","297","PM2.5"
"","","","","","229","422","166","PM10"
"","","","","","41","100","17","NO2"
"","","","","","14","18","11","NH3"
"","","","","","21","67","6","SO2"
"","","","","","46","106","38","CO"
"","","","","","2","44","1","OZONE"
"","","","Nehru Nagar, Delhi - DPCC","08-01-2019 09:00:00","388","500","315","PM2.5"
"","","","","","275","500","170","PM10"
"","","","","","62","112","34","NO2"
"","","","","","20","25","18","NH3"
"","","","","","32","60","10","SO2"
"","","","","","54","162","28","CO"
"","","","","","1","76","1","OZONE"
"","","","Okhla Phase-2, Delhi - DPCC","08-01-2019 09:00:00","365","433","297","PM2.5"
"","","","","","262","418","175","PM10"
"","","","","","65","90","45","NO2"
"","","","","","20","25","16","NH3"
"","","","","","15","21","9","SO2"
"","","","","","66","128","45","CO"
"","","","","","8","40","8","OZONE"
"","","","Patparganj, Delhi - DPCC","08-01-2019 09:00:00","333","398","193","PM2.5"
"","","","","","199","322","127","PM10"
"","","","","","28","36","21","NO2"
"","","","","","21","27","16","NH3"
"","","","","","5","8","3","SO2"
"","","","","","42","109","25","CO"
"","","","","","1","43","1","OZONE"
"","","","Punjabi Bagh, Delhi - DPCC","08-01-2019 09:00:00","342","447","250","PM2.5"
"","","","","","219","424","141","PM10"
"","","","","","110","210","76","NO2"
"","","","","","20","22","16","NH3"
"","","","","","29","32","26","SO2"
"","","","","","49","124","25","CO"
"","","","","","6","48","6","OZONE"
"","","","Pusa, Delhi - DPCC","08-01-2019 09:00:00","364","479","273","PM2.5"
"","","","","","306","462","163","PM10"
"","","","","","103","167","50","NO2"
"","","","","","18","22","16","NH3"
"","","","","","15","26","9","SO2"
"","","","","","58","122","32","CO"
"","","","","","2","48","1","OZONE"
"","","","Pusa, Delhi - IMD","08-01-2019 09:00:00","253","387","101","PM2.5"
"","","","","","178","348","104","PM10"
"","","","","","36","73","19","NO2"
"","","","","","51","109","44","CO"
"","","","","","13","34","12","OZONE"
"","","","R K Puram, Delhi - DPCC","08-01-2019 09:00:00","NA","NA","NA","PM2.5"
"","","","","","NA","NA","NA","PM10"
"","","","","","NA","NA","NA","NO2"
"","","","","","NA","NA","NA","NH3"
"","","","","","NA","NA","NA","SO2"
"","","","","","11","22","9","OZONE"
"","","","Rohini, Delhi - DPCC","08-01-2019 09:00:00","NA","NA","NA","PM2.5"
"","","","","","NA","NA","NA","PM10"
"","","","","","NA","NA","NA","NO2"
"","","","","","NA","NA","NA","NH3"
"","","","","","NA","NA","NA","SO2"
"","","","","","NA","NA","NA","OZONE"
"","","","Shadipur, Delhi - CPCB","08-01-2019 09:00:00","224","382","62","PM2.5"
"","","","","","103","191","64","NO2"
"","","","","","10","22","5","SO2"
"","","","","","58","108","6","CO"
"","","","","","7","56","4","OZONE"
"","","","Sirifort, Delhi - CPCB","08-01-2019 09:00:00","368","439","321","PM2.5"
"","","","","","290","425","180","PM10"
"","","","","","74","111","42","NO2"
"","","","","","5","9","3","NH3"
"","","","","","26","29","24","SO2"
"","","","","","43","135","22","CO"
"","","","","","41","88","32","OZONE"
"","","","Sonia Vihar, Delhi - DPCC","08-01-2019 09:00:00","336","402","253","PM2.5"
"","","","","","194","278","137","PM10"
"","","","","","57","80","29","NO2"
"","","","","","11","15","9","NH3"
"","","","","","16","31","7","SO2"
"","","","","","59","90","35","CO"
"","","","","","6","81","4","OZONE"
"","","","Sri Aurobindo Marg, Delhi - DPCC","08-01-2019 09:00:00","330","416","257","PM2.5"
"","","","","","198","384","137","PM10"
"","","","","","44","84","20","NO2"
"","","","","","8","11","3","NH3"
"","","","","","10","24","5","SO2"
"","","","","","80","108","55","CO"
"","","","","","2","73","2","OZONE"
"","","","Vivek Vihar, Delhi - DPCC","08-01-2019 09:00:00","328","434","203","PM2.5"
"","","","","","216","419","129","PM10"
"","","","","","62","110","34","NO2"
"","","","","","12","19","9","NH3"
"","","","","","27","45","12","SO2"
"","","","","","6","72","2","OZONE"
"","","","Wazirpur, Delhi - DPCC","08-01-2019 09:00:00","378","447","310","PM2.5"
"","","","","","288","430","189","PM10"
"","","","","","75","106","54","NO2"
"","","","","","23","24","20","NH3"
"","","","","","20","25","17","SO2"
"","","","","","69","101","60","CO"
"","","","","","4","35","2","OZONE"
"","Gujarat","Ahmedabad","Maninagar, Ahmedabad - GPCB","08-01-2019 09:00:00","194","292","122","PM2.5"
"","","","","","89","189","37","NO2"
"","","","","","50","79","15","SO2"
"","","","","","23","40","15","CO"
"","","","","","70","108","38","OZONE"
"","Haryana","Bahadurgarh","Arya Nagar, Bahadurgarh - HSPCB","08-01-2019 09:00:00","339","369","308","PM2.5"
"","","","","","NA","NA","NA","PM10"
"","","","","","65","116","32","NO2"
"","","","","","13","25","4","NH3"
"","","","","","1","2","1","SO2"
"","","","","","44","72","33","CO"
"","","","","","1","37","1","OZONE"
"","","Faridabad","Sector- 16A, Faridabad - HSPCB","08-01-2019 09:00:00","339","436","260","PM2.5"
"","","","","","93","137","64","NO2"
"","","","","","20","55","9","SO2"
"","","","","","53","110","40","CO"
"","","","","","9","56","2","OZONE"
"","","Gurugram","NISE Gwal Pahari, Gurugram - IMD","08-01-2019 09:00:00","314","350","276","PM2.5"
"","","","","","213","339","135","PM10"
"","","","","","19","21","16","NO2"
"","","","","","20","35","15","CO"
"","","","","","15","65","14","OZONE"
"","","","Vikas Sadan, Gurugram - HSPCB","08-01-2019 09:00:00","295","386","10","PM2.5"
"","","","","","35","77","18","NO2"
"","","","","","23","47","6","SO2"
"","","","","","60","62","58","CO"
"","","","","","10","71","9","OZONE"
"","","Manesar","Sector-2 IMT, Manesar - HSPCB","08-01-2019 09:00:00","283","331","209","PM2.5"
"","","","","","159","205","133","PM10"
"","","","","","NA","NA","NA","NO2"
"","","","","","NA","NA","NA","NH3"
"","","","","","1","1","1","SO2"
"","","","","","27","68","15","CO"
"","","","","","2","33","1","OZONE"
"","","Panchkula","Sector-6, Panchkula - HSPCB ","08-01-2019 09:00:00","107","192","35","PM2.5"
"","","","","","27","33","22","NO2"
"","","","","","7","17","2","SO2"
"","","","","","34","57","20","CO"
"","","","","","102","121","57","OZONE"
"","","Rohtak","MD University, Rohtak - HSPCB","08-01-2019 09:00:00","66","157","36","PM2.5"
"","","","","","13","15","10","SO2"
"","","","","","67","88","9","CO"
"","","","","","5","13","5","OZONE"
"","","Yamunanagar","Gobind Pura, Yamuna Nagar - HSPCB","08-01-2019 09:00:00","227","336","117","PM2.5"
"","","","","","155","370","92","PM10"
"","","","","","60","82","25","NO2"
"","","","","","95","100","91","SO2"
"","","","","","44","69","22","CO"
"","","","","","4","53","1","OZONE"
"","Jharkhand","Jorapokhar","Tata Stadium, Jorapokhar - JSPCB","08-01-2019 09:00:00","296","457","158","PM10"
"","","","","","NA","NA","NA","NO2"
"","","","","","NA","NA","NA","NH3"
"","","","","","78","136","8","SO2"
"","","","","","8","28","2","OZONE"
"","Karnataka","Bengaluru","BTM Layout, Bengaluru - CPCB","08-01-2019 09:00:00","159","275","47","PM2.5"
"","","","","","40","66","19","NO2"
"","","","","","6","10","3","SO2"
"","","","","","26","67","4","CO"
"","","","","","32","83","8","OZONE"
"","","","BWSSB Kadabesanahalli, Bengaluru - CPCB","08-01-2019 09:00:00","68","217","14","PM2.5"
"","","","","","43","73","20","NO2"
"","","","","","7","10","4","SO2"
"","","","","","61","110","25","CO"
"","","","","","18","39","14","OZONE"
"","","","Bapuji Nagar, Bengaluru - KSPCB","08-01-2019 09:00:00","117","211","69","PM2.5"
"","","","","","123","165","98","PM10"
"","","","","","107","139","73","NO2"
"","","","","","4","5","2","NH3"
"","","","","","11","16","5","SO2"
"","","","","","38","113","12","CO"
"","","","","","25","241","1","OZONE"
"","","","City Railway Station, Bengaluru - KSPCB","08-01-2019 09:00:00","113","165","63","PM10"
"","","","","","67","110","32","NO2"
"","","","","","8","13","5","SO2"
"","","","","","68","96","62","CO"
"","","","Hebbal, Bengaluru - KSPCB","08-01-2019 09:00:00","107","168","46","PM2.5"
"","","","","","109","187","63","PM10"
"","","","","","70","119","40","NO2"
"","","","","","3","5","2","NH3"
"","","","","","11","11","10","SO2"
"","","","","","46","119","33","CO"
"","","","","","9","29","1","OZONE"
"","","","Jayanagar 5th Block, Bengaluru - KSPCB","08-01-2019 09:00:00","122","194","56","PM2.5"
"","","","","","121","173","86","PM10"
"","","","","","NA","NA","NA","NO2"
"","","","","","NA","NA","NA","NH3"
"","","","","","5","8","3","SO2"
"","","","","","48","158","27","CO"
"","","","","","41","91","19","OZONE"
"","","","Peenya, Bengaluru - CPCB","08-01-2019 09:00:00","84","160","40","PM2.5"
"","","","","","75","119","53","NO2"
"","","","","","17","29","12","NH3"
"","","","","","20","69","2","SO2"
"","","","","","40","85","26","CO"
"","","","Sanegurava Halli, Bengaluru - KSPCB","08-01-2019 09:00:00","77","277","36","PM10"
"","","","","","60","150","26","NO2"
"","","","","","3","4","1","SO2"
"","","","","","21","72","5","CO"
"","","","Silk Board, Bengaluru - KSPCB","08-01-2019 09:00:00","103","248","48","PM2.5"
"","","","","","108","158","80","PM10"
"","","","","","54","79","36","NO2"
"","","","","","4","8","2","NH3"
"","","","","","8","11","4","SO2"
"","","","","","37","60","13","CO"
"","","","","","22","121","6","OZONE"
"","","Chikkaballapur","Chikkaballapur Rural, Chikkaballapur - KSPCB","08-01-2019 09:00:00","146","322","32","PM2.5"
"","","","","","152","401","49","PM10"
"","","","","","63","103","40","NO2"
"","","","","","3","6","2","NH3"
"","","","","","9","17","3","SO2"
"","","","","","42","45","19","CO"
"","","","","","5","30","1","OZONE"
"","","Hubballi","Deshpande Nagar, Hubballi - KSPCB","08-01-2019 09:00:00","91","150","64","PM2.5"
"","","","","","110","158","91","PM10"
"","","","","","35","89","12","NO2"
"","","","","","2","3","2","NH3"
"","","","","","2","2","1","SO2"
"","","","","","33","56","30","CO"
"","","","","","52","70","22","OZONE"
"","","Kalaburgi","Lal Bahadur Shastri Nagar, Kalaburagi - KSPCB","08-01-2019 09:00:00","200","331","104","PM2.5"
"","","","","","199","432","119","PM10"
"","","","","","54","165","23","NO2"
"","","","","","4","6","3","NH3"
"","","","","","3","8","1","SO2"
"","","","","","23","129","14","CO"
"","","","","","23","53","5","OZONE"
"","Kerala","Thiruvananthapuram","Plammoodu, Thiruvananthapuram - Kerala PCB","08-01-2019 09:00:00","83","130","49","PM2.5"
"","","","","","81","114","59","PM10"
"","","","","","11","48","1","NO2"
"","","","","","2","2","1","NH3"
"","","","","","33","68","1","SO2"
"","","","","","NA","NA","NA","CO"
"","","","","","47","119","34","OZONE"
"","Madhya Pradesh","Damoh","Shrivastav Colony, Damoh - MPPCB","08-01-2019 09:00:00","316","377","227","PM2.5"
"","","","","","174","250","112","PM10"
"","","","","","18","18","18","NO2"
"","","","","","36","64","28","CO"
"","","Dewas","Bhopal Chauraha, Dewas - MPPCB","08-01-2019 09:00:00","323","395","270","PM2.5"
"","","","","","201","413","144","PM10"
"","","","","","50","77","39","NO2"
"","","","","","8","10","6","NH3"
"","","","","","7","11","1","SO2"
"","","","","","18","48","3","CO"
"","","","","","23","29","20","OZONE"
"","","Mandideep","Sector-D Industrial Area, Mandideep - MPPCB","08-01-2019 09:00:00","284","369","145","PM2.5"
"","","","","","184","269","128","PM10"
"","","","","","31","70","12","NO2"
"","","","","","6","12","4","NH3"
"","","","","","25","33","13","SO2"
"","","","","","56","70","24","CO"
"","","","","","17","96","11","OZONE"
"","","Pithampur","Sector-2 Industrial Area, Pithampur - MPPCB","08-01-2019 09:00:00","347","417","293","PM2.5"
"","","","","","229","342","172","PM10"
"","","","","","21","57","9","NO2"
"","","","","","5","9","4","NH3"
"","","","","","14","50","5","SO2"
"","","","","","42","66","32","CO"
"","","","","","52","107","23","OZONE"
"","","Ratlam","Shasthri Nagar, Ratlam - IPCA Lab","08-01-2019 09:00:00","267","311","201","PM2.5"
"","","","","","157","215","129","PM10"
"","","","","","8","9","7","SO2"
"","","Satna","Bandhavgar Colony, Satna - MPPCB","08-01-2019 09:00:00","13","29","4","PM2.5"
"","","","","","115","151","69","PM10"
"","","","","","55","58","51","SO2"
"","","","","","94","108","89","CO"
"","","Singrauli","Vindhyachal STPS, Singrauli - MPPCB","08-01-2019 09:00:00","356","403","292","PM2.5"
"","","","","","239","335","170","PM10"
"","","","","","2","4","1","NO2"
"","","","","","NA","NA","NA","NH3"
"","","","","","15","19","6","SO2"
"","","","","","15","16","8","CO"
"","","","","","28","169","15","OZONE"
"","","Ujjain","Mahakaleshwar Temple, Ujjain - MPPCB","08-01-2019 09:00:00","304","378","190","PM2.5"
"","","","","","169","246","128","PM10"
"","","","","","40","75","20","NO2"
"","","","","","9","13","6","NH3"
"","","","","","5","10","1","SO2"
"","","","","","54","101","32","CO"
"","","","","","66","145","9","OZONE"
"","Maharashtra","Aurangabad","More Chowk Waluj, Aurangabad - MPCB","08-01-2019 09:00:00","80","162","52","PM2.5"
"","","","","","95","144","71","PM10"
"","","","","","22","25","21","NO2"
"","","","","","5","5","5","NH3"
"","","","","","10","19","1","SO2"
"","","","","","38","49","23","CO"
"","","","","","71","144","19","OZONE"
"","","Chandrapur","Chandrapur, Chandrapur - MPCB","08-01-2019 09:00:00","239","318","172","PM2.5"
"","","","","","165","276","119","PM10"
"","","","","","30","84","18","NO2"
"","","","","","5","7","4","NH3"
"","","","","","11","18","9","SO2"
"","","","","","7","34","2","CO"
"","","","","","9","11","5","OZONE"
"","","","MIDC Khutala, Chandrapur - MPCB","08-01-2019 09:00:00","87","136","64","PM2.5"
"","","","","","105","143","80","PM10"
"","","","","","60","78","46","NO2"
"","","","","","3","3","2","NH3"
"","","","","","6","12","2","SO2"
"","","","","","4","6","3","CO"
"","","Mumbai","Bandra, Mumbai - MPCB","08-01-2019 09:00:00","109","270","58","PM2.5"
"","","","","","159","305","97","PM10"
"","","","","","75","154","40","NO2"
"","","","","","44","74","22","SO2"
"","","","","","123","143","75","CO"
"","","","","","45","71","32","OZONE"
"","","Nagpur","Opp GPO Civil Lines, Nagpur - MPCB","08-01-2019 09:00:00","168","280","75","PM2.5"
"","","","","","117","148","81","PM10"
"","","","","","59","140","20","NO2"
"","","","","","18","49","8","NH3"
"","","","","","28","132","2","SO2"
"","","","","","36","116","24","CO"
"","","","","","93","120","27","OZONE"
"","","Nashik","Gangapur Road, Nashik - MPCB","08-01-2019 09:00:00","97","205","41","PM2.5"
"","","","","","97","136","59","PM10"
"","","","","","83","151","39","NO2"
"","","","","","9","13","6","NH3"
"","","","","","27","106","4","SO2"
"","","","","","66","115","19","CO"
"","","","","","29","178","5","OZONE"
"","","Navi Mumbai","Airoli, Navi Mumbai - MPCB","08-01-2019 09:00:00","125","325","59","PM10"
"","","","","","46","51","43","SO2"
"","","","","","99","101","95","CO"
"","","Pune","Karve Road, Pune - MPCB","08-01-2019 09:00:00","197","351","85","PM2.5"
"","","","","","170","330","83","PM10"
"","","","","","16","24","7","NO2"
"","","","","","84","109","39","SO2"
"","","","","","8","108","3","CO"
"","","","","","11","12","11","OZONE"
"","","Solapur","Solapur, Solapur - MPCB","08-01-2019 09:00:00","125","273","72","PM2.5"
"","","","","","148","361","99","PM10"
"","","","","","87","118","59","NO2"
"","","","","","13","14","12","SO2"
"","","","","","65","112","46","CO"
"","","","","","39","82","12","OZONE"
"","","Thane","Pimpleshwar Mandir, Thane - MPCB","08-01-2019 09:00:00","NA","NA","NA","PM2.5"
"","","","","","NA","NA","NA","PM10"
"","","","","","NA","NA","NA","NO2"
"","","","","","NA","NA","NA","NH3"
"","","","","","NA","NA","NA","SO2"
"","","","","","NA","NA","NA","CO"
"","","","","","NA","NA","NA","OZONE"
"","Odisha","Brajrajnagar","GM Office, Brajrajnagar - OSPCB","08-01-2019 09:00:00","270","366","79","PM2.5"
"","","","","","164","293","58","PM10"
"","","","","","36","59","14","NO2"
"","","","","","12","30","3","NH3"
"","","","","","19","21","17","SO2"
"","","","","","116","118","106","CO"
"","","","","","6","16","3","OZONE"
"","","Talcher","Talcher Coalfields,Talcher - OSPCB","08-01-2019 09:00:00","257","401","84","PM2.5"
"","","","","","288","500","165","PM10"
"","","","","","7","11","2","NO2"
"","","","","","2","2","1","NH3"
"","","","","","41","84","27","SO2"
"","","","","","124","138","104","CO"
"","","","","","4","19","2","OZONE"
"","Punjab","Amritsar","Golden Temple, Amritsar - PPCB","08-01-2019 09:00:00","49","73","20","PM2.5"
"","","","","","68","94","48","PM10"
"","","","","","35","47","14","NO2"
"","","","","","2","3","1","NH3"
"","","","","","3","3","2","SO2"
"","","","","","6","13","4","OZONE"
"","","Bathinda","Hardev Nagar, Bathinda - PPCB","08-01-2019 09:00:00","69","94","51","PM2.5"
"","","","","","69","99","23","PM10"
"","","","","","25","33","20","NO2"
"","","","","","12","15","8","SO2"
"","","","","","34","64","17","CO"
"","","Jalandhar","Civil Line, Jalandhar - PPCB","08-01-2019 09:00:00","83","178","49","PM2.5"
"","","","","","77","125","48","PM10"
"","","","","","24","24","24","NO2"
"","","","","","6","6","6","NH3"
"","","","","","9","24","5","SO2"
"","","","","","32","98","5","CO"
"","","","","","3","22","2","OZONE"
"","","Khanna","Kalal Majra, Khanna - PPCB","08-01-2019 09:00:00","54","78","28","PM2.5"
"","","","","","77","110","37","PM10"
"","","","","","30","45","19","NO2"
"","","","","","2","3","2","NH3"
"","","","","","17","27","11","SO2"
"","","","","","22","40","12","CO"
"","","","","","1","4","1","OZONE"
"","","Ludhiana","Punjab Agricultural University, Ludhiana - PPCB","08-01-2019 09:00:00","45","82","29","PM2.5"
"","","","","","79","115","48","PM10"
"","","","","","14","18","13","NO2"
"","","","","","11","11","10","NH3"
"","","","","","5","17","5","OZONE"
"","","Mandi Gobindgarh","RIMT University, Mandi Gobindgarh - PPCB","08-01-2019 09:00:00","108","239","30","PM2.5"
"","","","","","114","191","42","PM10"
"","","","","","24","24","23","NO2"
"","","","","","4","4","4","NH3"
"","","","","","7","15","4","SO2"
"","","","","","61","72","28","CO"
"","","","","","14","43","13","OZONE"
"","","Patiala","Model Town, Patiala - PPCB","08-01-2019 09:00:00","NA","NA","NA","PM2.5"
"","","","","","NA","NA","NA","PM10"
"","","","","","NA","NA","NA","NO2"
"","","","","","NA","NA","NA","NH3"
"","","","","","NA","NA","NA","SO2"
"","","","","","37","44","17","CO"
"","","","","","4","14","3","OZONE"
"","","Rupnagar","Ratanpura, Rupnagar - PPCB","08-01-2019 09:00:00","86","148","42","PM2.5"
"","","","","","92","143","52","PM10"
"","","","","","16","18","15","NO2"
"","","","","","9","10","8","SO2"
"","","","","","27","31","18","CO"
"","Rajasthan","Ajmer","Civil Lines,  Ajmer - RSPCB","08-01-2019 09:00:00","120","230","58","PM2.5"
"","","","","","122","173","102","PM10"
"","","","","","43","100","18","NO2"
"","","","","","8","11","6","NH3"
"","","","","","8","13","2","SO2"
"","","","","","36","111","15","CO"
"","","","","","20","97","5","OZONE"
"","","Alwar","Moti Doongri, Alwar - RSPCB","08-01-2019 09:00:00","75","119","50","PM2.5"
"","","","","","92","120","71","PM10"
"","","","","","25","29","12","NO2"
"","","","","","8","8","3","NH3"
"","","","","","19","25","14","SO2"
"","","","","","42","101","7","CO"
"","","","","","14","74","11","OZONE"
"","","Bhiwadi","RIICO Ind. Area III, Bhiwadi - RSPCB","08-01-2019 09:00:00","280","328","161","PM2.5"
"","","","","","163","235","123","PM10"
"","","","","","42","83","16","NO2"
"","","","","","6","8","4","NH3"
"","","","","","39","88","11","SO2"
"","","","","","29","58","10","CO"
"","","","","","5","48","2","OZONE"
"","","Jaipur","Adarsh Nagar, Jaipur - RSPCB","08-01-2019 09:00:00","63","94","39","PM2.5"
"","","","","","101","126","73","PM10"
"","","","","","44","83","20","NO2"
"","","","","","3","5","1","NH3"
"","","","","","9","13","6","SO2"
"","","","","","51","112","7","CO"
"","","","","","29","88","6","OZONE"
"","","","Police Commissionerate, Jaipur - RSPCB","08-01-2019 09:00:00","110","180","51","PM2.5"
"","","","","","111","146","82","PM10"
"","","","","","83","124","25","NO2"
"","","","","","8","20","6","NH3"
"","","","","","48","104","8","SO2"
"","","","","","34","63","6","CO"
"","","","","","13","74","7","OZONE"
"","","","Shastri Nagar, Jaipur - RSPCB","08-01-2019 09:00:00","130","239","4","PM2.5"
"","","","","","112","162","28","PM10"
"","","","","","13","23","9","NO2"
"","","","","","6","8","5","NH3"
"","","","","","14","33","4","SO2"
"","","","","","42","88","9","CO"
"","","","","","21","76","4","OZONE"
"","","Jodhpur","Collectorate, Jodhpur - RSPCB","08-01-2019 09:00:00","150","305","60","PM2.5"
"","","","","","124","165","90","PM10"
"","","","","","51","68","37","NO2"
"","","","","","11","24","6","SO2"
"","","","","","74","114","29","CO"
"","","","","","18","70","4","OZONE"
"","","Kota","Shrinath Puram, Kota - RSPCB","08-01-2019 09:00:00","196","333","101","PM2.5"
"","","","","","132","231","100","PM10"
"","","","","","54","82","42","NO2"
"","","","","","6","9","5","NH3"
"","","","","","7","24","4","SO2"
"","","","","","23","103","17","CO"
"","","","","","8","47","4","OZONE"
"","","Pali","Indira Colony Vistar, Pali - RSPCB","08-01-2019 09:00:00","129","311","76","PM2.5"
"","","","","","116","160","84","PM10"
"","","","","","48","61","32","NO2"
"","","","","","10","13","6","NH3"
"","","","","","6","20","3","SO2"
"","","","","","39","55","24","CO"
"","","","","","25","103","11","OZONE"
"","","Udaipur","Ashok Nagar, Udaipur - RSPCB","08-01-2019 09:00:00","200","324","82","PM2.5"
"","","","","","206","403","124","PM10"
"","","","","","58","87","36","NO2"
"","","","","","11","17","3","NH3"
"","","","","","16","21","11","SO2"
"","","","","","49","145","25","CO"
"","","","","","6","79","3","OZONE"
"","TamilNadu","Chennai","Alandur Bus Depot, Chennai - CPCB","08-01-2019 09:00:00","94","210","26","PM2.5"
"","","","","","23","36","13","NO2"
"","","","","","24","83","3","SO2"
"","","","","","15","108","12","CO"
"","","","","","6","62","5","OZONE"
"","","","Manali, Chennai - CPCB","08-01-2019 09:00:00","113","371","10","PM2.5"
"","","","","","15","19","13","NO2"
"","","","","","16","17","15","NH3"
"","","","","","22","61","8","SO2"
"","","","","","58","72","45","CO"
"","","","Velachery Res. Area, Chennai - CPCB","08-01-2019 09:00:00","81","122","49","PM2.5"
"","","","","","16","30","11","NO2"
"","","","","","7","9","6","SO2"
"","","","","","20","42","12","CO"
"","","","","","20","78","18","OZONE"
"","Telangana","Hyderabad","Bollaram Industrial Area, Hyderabad - TSPCB","08-01-2019 09:00:00","147","182","79","PM2.5"
"","","","","","138","158","89","PM10"
"","","","","","37","59","18","NO2"
"","","","","","5","6","4","NH3"
"","","","","","6","11","3","SO2"
"","","","","","44","60","11","CO"
"","","","","","18","31","7","OZONE"
"","","","Central University, Hyderabad - TSPCB","08-01-2019 09:00:00","153","187","87","PM2.5"
"","","","","","145","156","124","PM10"
"","","","","","100","198","45","NO2"
"","","","","","6","13","4","NH3"
"","","","","","9","18","1","SO2"
"","","","","","50","104","19","CO"
"","","","","","30","139","1","OZONE"
"","","","ICRISAT Patancheru, Hyderabad - TSPCB","08-01-2019 09:00:00","155","184","98","PM2.5"
"","","","","","146","157","111","PM10"
"","","","","","44","88","18","NO2"
"","","","","","4","6","3","NH3"
"","","","","","17","30","8","SO2"
"","","","","","46","66","12","CO"
"","","","","","4","71","1","OZONE"
"","","","IDA Pashamylaram, Hyderabad - TSPCB","08-01-2019 09:00:00","159","187","90","PM2.5"
"","","","","","145","156","116","PM10"
"","","","","","76","122","37","NO2"
"","","","","","NA","NA","NA","NH3"
"","","","","","34","111","10","SO2"
"","","","","","57","70","20","CO"
"","","","","","12","61","6","OZONE"
"","","","Sanathnagar, Hyderabad - TSPCB","08-01-2019 09:00:00","153","179","96","PM2.5"
"","","","","","94","139","13","NO2"
"","","","","","20","67","10","SO2"
"","","","","","51","82","8","CO"
"","","","","","6","70","2","OZONE"
"","","","Zoo Park, Hyderabad - TSPCB","08-01-2019 09:00:00","163","185","145","PM2.5"
"","","","","","149","156","121","PM10"
"","","","","","122","177","82","NO2"
"","","","","","5","6","3","NH3"
"","","","","","4","9","1","SO2"
"","","","","","86","104","28","CO"
"","","","","","17","65","12","OZONE"
"","Uttar_Pradesh","Agra","Sanjay Palace, Agra - UPPCB","08-01-2019 09:00:00","339","383","307","PM2.5"
"","","","","","48","92","29","NO2"
"","","","","","10","23","2","SO2"
"","","","","","21","52","16","CO"
"","","","","","10","10","10","OZONE"
"","","Baghpat","New Collectorate, Baghpat - UPPCB","08-01-2019 09:00:00","312","353","233","PM2.5"
"","","","","","157","210","113","PM10"
"","","","","","22","31","11","NO2"
"","","","","","10","13","9","NH3"
"","","","","","14","68","1","SO2"
"","","","","","NA","NA","NA","CO"
"","","","","","8","129","4","OZONE"
"","","Bulandshahr","Yamunapuram, Bulandshahr - UPPCB","08-01-2019 09:00:00","349","422","261","PM2.5"
"","","","","","222","387","136","PM10"
"","","","","","84","140","33","NO2"
"","","","","","33","39","26","NH3"
"","","","","","10","14","4","SO2"
"","","","","","34","116","4","CO"
"","","","","","5","118","4","OZONE"
"","","Ghaziabad","Vasundhara, Ghaziabad - UPPCB","08-01-2019 09:00:00","344","430","292","PM2.5"
"","","","","","211","407","133","PM10"
"","","","","","103","151","68","NO2"
"","","","","","15","18","11","NH3"
"","","","","","40","106","9","SO2"
"","","","","","59","116","37","CO"
"","","","","","8","58","6","OZONE"
"","","Greater_Noida","Knowledge Park - III, Greater Noida - UPPCB","08-01-2019 09:00:00","349","424","285","PM2.5"
"","","","","","224","317","154","PM10"
"","","","","","120","177","62","NO2"
"","","","","","12","14","11","NH3"
"","","","","","19","40","4","SO2"
"","","","","","46","105","20","CO"
"","","Hapur","Anand Vihar, Hapur - UPPCB","08-01-2019 09:00:00","328","419","182","PM2.5"
"","","","","","188","298","124","PM10"
"","","","","","45","104","12","NO2"
"","","","","","15","20","13","NH3"
"","","","","","22","53","11","SO2"
"","","","","","49","80","32","CO"
"","","","","","6","69","3","OZONE"
"","","Kanpur","Nehru Nagar, Kanpur - UPPCB","08-01-2019 09:00:00","307","455","191","PM2.5"
"","","","","","91","189","37","NO2"
"","","","","","10","35","3","SO2"
"","","","","","62","177","44","CO"
"","","","","","30","72","3","OZONE"
"","","Lucknow","Central School, Lucknow - CPCB","08-01-2019 09:00:00","172","361","53","PM2.5"
"","","","","","37","56","26","NO2"
"","","","","","3","6","1","SO2"
"","","","","","42","110","8","CO"
"","","","","","4","19","2","OZONE"
"","","","Lalbagh, Lucknow - CPCB","08-01-2019 09:00:00","174","387","54","PM2.5"
"","","","","","59","117","28","NO2"
"","","","","","19","48","4","SO2"
"","","","","","72","141","44","CO"
"","","","","","47","112","18","OZONE"
"","","","Nishant Ganj, Lucknow - UPPCB","08-01-2019 09:00:00","258","476","57","PM2.5"
"","","","","","49","101","28","NO2"
"","","","","","9","14","6","SO2"
"","","","","","15","113","8","CO"
"","","","","","11","28","4","OZONE"
"","","","Talkatora District Industries Center, Lucknow - CPCB","08-01-2019 09:00:00","198","409","92","PM2.5"
"","","","","","50","104","18","NO2"
"","","","","","9","23","6","NH3"
"","","","","","9","12","6","SO2"
"","","","","","51","116","6","CO"
"","","Moradabad","Lajpat Nagar, Moradabad - UPPCB","08-01-2019 09:00:00","291","384","95","PM2.5"
"","","","","","201","289","118","PM10"
"","","","","","90","163","44","NO2"
"","","","","","11","14","8","NH3"
"","","","","","28","45","7","SO2"
"","","","","","44","100","10","CO"
"","","","","","8","87","3","OZONE"
"","","Muzaffarnagar","New Mandi, Muzaffarnagar - UPPCB","08-01-2019 09:00:00","276","367","88","PM2.5"
"","","","","","175","304","117","PM10"
"","","","","","76","125","46","NO2"
"","","","","","15","21","11","NH3"
"","","","","","19","60","4","SO2"
"","","","","","56","108","48","CO"
"","","","","","11","73","3","OZONE"
"","","Noida","Sector - 125, Noida - UPPCB","08-01-2019 09:00:00","355","421","265","PM2.5"
"","","","","","240","403","162","PM10"
"","","","","","72","104","33","NO2"
"","","","","","15","18","8","NH3"
"","","","","","11","23","2","SO2"
"","","","","","85","127","23","CO"
"","","","","","4","38","2","OZONE"
"","","","Sector - 62, Noida - IMD","08-01-2019 09:00:00","277","366","161","PM2.5"
"","","","","","199","360","121","PM10"
"","","","","","44","56","29","NO2"
"","","","","","23","59","11","CO"
"","","","","","15","141","14","OZONE"
"","","Varanasi","Ardhali Bazar, Varanasi - UPPCB","08-01-2019 09:00:00","292","423","127","PM2.5"
"","","","","","236","434","115","PM10"
"","","","","","116","168","90","NO2"
"","","","","","26","44","2","SO2"
"","","","","","37","112","13","CO"
"","","","","","22","105","3","OZONE"
"","West_Bengal","Asanol","Asansol Court Area, Asansol - WBPCB","08-01-2019 09:00:00","137","352","46","PM2.5"
"","","","","","120","217","78","PM10"
"","","","","","63","101","35","NO2"
"","","","","","9","14","4","NH3"
"","","","","","13","21","5","SO2"
"","","","","","35","66","1","CO"
"","","","","","7","22","2","OZONE"
"","","Durgapur","Sidhu Kanhu Indoor Stadium, Durgapur - WBPCB","08-01-2019 09:00:00","61","136","25","PM10"
"","","","","","17","22","8","SO2"
"","","","","","39","86","11","CO"
"","","Howrah","Ghusuri, Howrah - WBPCB","08-01-2019 09:00:00","253","407","74","PM2.5"
"","","","","","230","498","107","PM10"
"","","","","","108","182","52","NO2"
"","","","","","8","10","5","NH3"
"","","","","","69","113","41","SO2"
"","","","","","71","134","1","CO"
"","","","","","3","54","2","OZONE"
"","","","Padmapukur, Howrah - WBPCB","08-01-2019 09:00:00","NA","NA","NA","PM2.5"
"","","","","","NA","NA","NA","PM10"
"","","","","","NA","NA","NA","NO2"
"","","","","","NA","NA","NA","NH3"
"","","","","","NA","NA","NA","SO2"
"","","","","","15","75","2","CO"
"","","","","","6","111","2","OZONE"
"","","Kolkata","Rabindra Bharati University, Kolkata - WBPCB","08-01-2019 09:00:00","296","448","100","PM2.5"
"","","","","","259","457","122","PM10"
"","","","","","140","260","50","NO2"
"","","","","","6","24","1","NH3"
"","","","","","24","55","11","SO2"
"","","","","","14","22","12","CO"
"","","","","","7","89","5","OZONE"
"","","","Victoria, Kolkata - WBPCB","08-01-2019 09:00:00","282","433","15","PM2.5"
"","","","","","201","407","36","PM10"
"","","","","","146","241","67","NO2"
"","","","","","8","12","6","NH3"
"","","","","","23","73","3","SO2"
"","","","","","87","139","16","CO"
"","","","","","4","81","3","OZONE"
"","","Siliguri","Ward-32 Bapupara, Siliguri - WBPCB","08-01-2019 09:00:00","219","413","52","PM2.5"
"","","","","","266","500","68","PM10"
"","","","","","66","152","10","NO2"
"","","","","","12","21","2","NH3"
"","","","","","6","9","2","SO2"
"","","","","","27","130","6","CO"
"","","","","","7","86","7","OZONE"
